{
  "project_info": {
    "project_number": "32768144538",
    "project_id": "retrieve-data-from-fireb-52411",
    "storage_bucket": "retrieve-data-from-fireb-52411.appspot.com"
  },
  "client": [
    {
      "client_info": {
        "mobilesdk_app_id": "1:32768144538:android:e5df4f22d0ebde96e75b23",
        "android_client_info": {
          "package_name": "com.example.retrivedata"
        }
      },
      "oauth_client": [
        {
          "client_id": "32768144538-ui0n1hk33flf4vmkcubm6fg69q3p1hdi.apps.googleusercontent.com",
          "client_type": 3
        }
      ],
      "api_key": [
        {
          "current_key": "AIzaSyDyVoTr5BT5VIImwevSLAWyXiAmT_nqzpg"
        }
      ],
      "services": {
        "appinvite_service": {
          "other_platform_oauth_client": [
            {
              "client_id": "32768144538-ui0n1hk33flf4vmkcubm6fg69q3p1hdi.apps.googleusercontent.com",
              "client_type": 3
            }
          ]
        }
      }
    }
  ],
  "configuration_version": "1"
}